customerid,tenure,monthlycharges,totalcharges,contract,paymentmethod,paperlessbilling,seniorcitizen,churn,log_tenure,log_monthlycharges,log_totalcharges
C00001,6,64,1540,One year,Credit Card,No,1,0,1.791759469228055,4.1588830833596715,7.3395376954076745
C00002,21,113,1753,Month-to-month,Electronic Check,Yes,1,0,3.044522437723423,4.727387818712341,7.469083884921234
C00003,27,31,1455,Two year,Credit Card,No,1,0,3.295836866004329,3.4339872044851463,7.282761179605593
C00004,53,29,7150,Month-to-month,Electronic Check,No,1,0,3.970291913552122,3.367295829986474,8.874867635688053
C00005,16,185,1023,One year,Electronic Check,No,1,0,2.772588722239781,5.220355825078324,6.930494765951626
C00006,55,44,7538,Two year,Electronic Check,No,0,0,4.007333185232471,3.784189633918261,8.92771217382708
C00007,66,99,4178,Two year,Bank Transfer,No,1,0,4.189654742026425,4.59511985013459,8.33758794211651
C00008,61,128,3088,Month-to-month,Bank Transfer,No,1,0,4.110873864173311,4.852030263919617,8.035278911144667
C00009,64,124,7973,Month-to-month,Credit Card,No,1,0,4.1588830833596715,4.820281565605037,8.983816112502495
C00010,14,120,5844,One year,Bank Transfer,Yes,1,0,2.6390573296152584,4.787491742782046,8.67317077287059
C00011,59,57,5168,One year,Credit Card,Yes,0,0,4.07753744390572,4.04305126783455,8.550241045462437
C00013,53,86,3438,Month-to-month,Bank Transfer,Yes,1,0,3.970291913552122,4.454347296253507,8.142645185942795
C00015,53,58,768,Month-to-month,Credit Card,Yes,1,0,3.970291913552122,4.060443010546419,6.643789733147672
C00016,65,77,4071,Month-to-month,Credit Card,Yes,1,0,4.174387269895637,4.343805421853684,8.31164394850298
C00017,19,187,4874,Two year,Credit Card,No,0,0,2.9444389791664403,5.231108616854587,8.491670234185152
C00018,42,101,3736,One year,Bank Transfer,Yes,0,0,3.7376696182833684,4.61512051684126,8.225770799348734
C00020,26,105,6868,Month-to-month,Bank Transfer,Yes,1,0,3.258096538021482,4.653960350157523,8.834628222017367
C00021,38,137,1000,Month-to-month,Electronic Check,No,1,0,3.6375861597263857,4.919980925828125,6.907755278982137
C00022,25,120,4855,Two year,Credit Card,Yes,0,0,3.2188758248682006,4.787491742782046,8.487764380725425
C00023,60,40,1755,One year,Credit Card,No,1,0,4.0943445622221,3.6888794541139363,7.470224135899966
C00024,30,100,3710,Two year,Credit Card,No,1,0,3.4011973816621555,4.605170185988092,8.21878715560148
C00025,25,193,7565,Month-to-month,Bank Transfer,No,0,0,3.2188758248682006,5.262690188904886,8.931287626222456
C00026,47,181,3295,One year,Credit Card,No,1,0,3.8501476017100584,5.198497031265826,8.100161446936607
C00027,60,101,3741,Month-to-month,Bank Transfer,No,1,0,4.0943445622221,4.61512051684126,8.227108234348146
C00028,20,56,3950,One year,Bank Transfer,No,1,0,2.995732273553991,4.02535169073515,8.281470857895167
C00029,36,175,3682,One year,Bank Transfer,No,0,0,3.58351893845611,5.1647859739235145,8.211211361793023
C00030,34,190,7540,One year,Bank Transfer,No,1,0,3.5263605246161616,5.247024072160486,8.927977461002001
C00031,28,101,4643,One year,Electronic Check,Yes,1,0,3.332204510175204,4.61512051684126,8.443115988019922
C00033,43,182,7129,One year,Electronic Check,Yes,0,0,3.7612001156935624,5.204006687076795,8.871926251117628
C00034,32,195,7139,One year,Bank Transfer,Yes,1,0,3.4657359027997265,5.272999558563747,8.87332798950246
C00035,60,44,1302,One year,Credit Card,No,1,0,4.0943445622221,3.784189633918261,7.171656822768514
C00036,50,116,690,Month-to-month,Credit Card,No,1,0,3.912023005428146,4.7535901911063645,6.536691597591305
C00037,37,42,947,Month-to-month,Electronic Check,No,0,0,3.6109179126442243,3.7376696182833684,6.853299093186078
C00038,62,166,6225,Two year,Electronic Check,Yes,1,0,4.127134385045092,5.111987788356544,8.736328721332908
C00039,50,84,858,Month-to-month,Credit Card,No,0,0,3.912023005428146,4.430816798843313,6.754604099487962
C00040,26,151,1952,Two year,Electronic Check,No,0,0,3.258096538021482,5.017279836814924,7.5766097669730375
C00041,42,20,1950,Two year,Credit Card,Yes,1,0,3.7376696182833684,2.995732273553991,7.575584651557793
C00042,7,148,2701,Two year,Credit Card,Yes,0,0,1.9459101490553132,4.997212273764115,7.901377353792616
C00043,63,89,6547,One year,Electronic Check,Yes,0,0,4.143134726391533,4.48863636973214,8.786762208441091
C00044,42,123,3913,Month-to-month,Credit Card,No,1,0,3.7376696182833684,4.812184355372417,8.272059622210412
C00045,34,93,3344,Two year,Credit Card,Yes,0,0,3.5263605246161616,4.532599493153256,8.114922974204593
C00046,32,170,4773,Two year,Credit Card,No,1,0,3.4657359027997265,5.135798437050262,8.470730317005897
C00047,22,46,7555,Month-to-month,Bank Transfer,No,1,0,3.091042453358316,3.828641396489095,8.92996487470684
C00048,37,162,3735,Month-to-month,Electronic Check,Yes,1,0,3.6109179126442243,5.087596335232384,8.225503097566918
C00049,56,49,3376,Month-to-month,Bank Transfer,No,0,0,4.02535169073515,3.8918202981106265,8.124446855715847
C00050,49,121,5161,One year,Bank Transfer,Yes,0,0,3.8918202981106265,4.795790545596741,8.548885638148727
C00051,71,172,416,Month-to-month,Electronic Check,No,1,0,4.2626798770413155,5.147494476813453,6.030685260261263
C00052,31,154,7537,Two year,Credit Card,Yes,1,0,3.4339872044851463,5.0369526024136295,8.92757950384347
C00053,53,48,1497,One year,Credit Card,No,0,0,3.970291913552122,3.871201010907891,7.311218384419629
C00054,49,68,2615,Month-to-month,Bank Transfer,Yes,1,0,3.8918202981106265,4.219507705176107,7.869019376499023
C00056,47,54,6827,Two year,Bank Transfer,Yes,0,0,3.8501476017100584,3.9889840465642745,8.82864061741828
C00057,58,121,3537,One year,Credit Card,No,1,0,4.060443010546419,4.795790545596741,8.17103418920548
C00058,59,72,7053,Month-to-month,Bank Transfer,Yes,0,0,4.07753744390572,4.276666119016055,8.86120833720818
C00059,36,38,3792,One year,Bank Transfer,Yes,1,0,3.58351893845611,3.6375861597263857,8.240648863374913
C00060,26,182,7074,Month-to-month,Credit Card,No,0,0,3.258096538021482,5.204006687076795,8.864181369765426
C00061,23,187,5608,Month-to-month,Electronic Check,No,1,0,3.1354942159291497,5.231108616854587,8.631949428714426
C00063,53,128,5803,One year,Bank Transfer,No,0,0,3.970291913552122,4.852030263919617,8.666130304190608
C00064,25,176,4496,One year,Bank Transfer,No,1,0,3.2188758248682006,5.170483995038151,8.410943391573527
C00065,65,180,4142,One year,Credit Card,Yes,0,0,4.174387269895637,5.19295685089021,8.328934041955529
C00066,3,140,2541,One year,Electronic Check,No,1,0,1.0986122886681098,4.941642422609304,7.840312983320164
C00067,53,61,3631,One year,Bank Transfer,No,0,0,3.970291913552122,4.110873864173311,8.197263371414335
C00068,62,62,3016,Two year,Credit Card,Yes,0,0,4.127134385045092,4.127134385045092,8.011686729127847
C00070,53,21,6828,One year,Credit Card,No,0,0,3.970291913552122,3.044522437723423,8.828787083914332
C00071,69,153,1418,Month-to-month,Electronic Check,No,0,0,4.23410650459726,5.030437921392435,7.257002707092073
C00072,68,153,1930,One year,Electronic Check,Yes,0,0,4.219507705176107,5.030437921392435,7.5652752818989315
C00073,13,125,3696,Two year,Credit Card,No,1,0,2.5649493574615367,4.8283137373023015,8.215006432761575
C00075,70,77,7593,Two year,Electronic Check,Yes,0,0,4.248495242049359,4.343805421853684,8.934982049213234
C00076,35,170,936,One year,Bank Transfer,Yes,0,0,3.5553480614894135,5.135798437050262,6.841615476477592
C00078,41,109,7937,Two year,Bank Transfer,Yes,1,0,3.713572066704308,4.6913478822291435,8.979290649090876
C00079,8,95,3792,One year,Bank Transfer,Yes,1,0,2.0794415416798357,4.553876891600541,8.240648863374913
C00080,47,138,6406,Two year,Credit Card,Yes,0,0,3.8501476017100584,4.927253685157205,8.764990330169104
C00081,35,139,5211,Two year,Bank Transfer,No,0,0,3.5553480614894135,4.9344739331306915,8.558527054909215
C00082,30,162,3917,One year,Credit Card,No,0,0,3.4011973816621555,5.087596335232384,8.27308133366583
C00083,27,142,1908,Two year,Bank Transfer,No,1,0,3.295836866004329,4.955827057601261,7.553810852008231
C00084,50,141,4412,Month-to-month,Credit Card,No,0,0,3.912023005428146,4.948759890378168,8.392083380373393
C00085,51,136,4725,Two year,Bank Transfer,Yes,1,0,3.9318256327243257,4.912654885736052,8.460622839927844
C00086,63,29,7685,Two year,Credit Card,Yes,1,0,4.143134726391533,3.367295829986474,8.947025655972697
C00087,43,103,2856,One year,Electronic Check,No,1,0,3.7612001156935624,4.634728988229636,7.957177323459475
C00088,40,108,2650,One year,Electronic Check,No,1,0,3.6888794541139363,4.68213122712422,7.882314918980268
C00089,41,177,4075,One year,Bank Transfer,Yes,0,0,3.713572066704308,5.176149732573829,8.312626025674962
C00090,21,126,7735,One year,Credit Card,Yes,0,0,3.044522437723423,4.836281906951478,8.953510763007166
C00091,3,188,2422,Two year,Credit Card,No,1,0,1.0986122886681098,5.236441962829949,7.792348924113037
C00092,42,122,1294,Two year,Bank Transfer,No,0,0,3.7376696182833684,4.804021044733257,7.165493475060845
C00093,18,29,7469,Month-to-month,Electronic Check,Yes,0,0,2.8903717578961645,3.367295829986474,8.918516400357067
C00094,55,193,4344,Two year,Bank Transfer,No,1,0,4.007333185232471,5.262690188904886,8.37655086161377
C00095,21,140,3171,One year,Electronic Check,No,1,0,3.044522437723423,4.941642422609304,8.061802274538348
C00096,20,150,1780,Month-to-month,Electronic Check,Yes,0,0,2.995732273553991,5.0106352940962555,7.484368643286131
C00097,15,40,510,Month-to-month,Bank Transfer,No,0,0,2.70805020110221,3.6888794541139363,6.234410725718371
C00098,42,172,1168,Month-to-month,Bank Transfer,No,1,0,3.7376696182833684,5.147494476813453,7.0630481633881725
C00100,39,84,7566,One year,Electronic Check,No,1,0,3.6635616461296463,4.430816798843313,8.931419805192975
C00101,66,170,1059,Month-to-month,Electronic Check,No,1,0,4.189654742026425,5.135798437050262,6.9650803456014065
C00102,50,130,1087,One year,Electronic Check,Yes,1,0,3.912023005428146,4.867534450455582,6.99117688712121
C00103,44,78,6369,One year,Bank Transfer,Yes,1,0,3.784189633918261,4.356708826689592,8.759197750371365
C00104,7,39,6651,One year,Electronic Check,Yes,1,0,1.9459101490553132,3.6635616461296463,8.802522498284421
C00106,21,75,7026,Two year,Bank Transfer,Yes,1,0,3.044522437723423,4.31748811353631,8.857372832825773
C00108,18,56,7925,One year,Electronic Check,No,0,0,2.8903717578961645,4.02535169073515,8.977777598745481
C00109,48,152,4042,One year,Electronic Check,Yes,1,0,3.871201010907891,5.0238805208462765,8.304494897963567
C00110,32,24,2939,Two year,Electronic Check,Yes,1,0,3.4657359027997265,3.1780538303479458,7.985824666418917
C00111,41,88,3461,One year,Bank Transfer,Yes,1,0,3.713572066704308,4.477336814478207,8.149312843635345
C00112,55,87,3353,Two year,Credit Card,No,1,0,4.007333185232471,4.465908118654584,8.117610746466228
C00113,15,102,1746,Month-to-month,Credit Card,No,1,0,2.70805020110221,4.624972813284271,7.465082736399547
C00114,31,111,2539,Month-to-month,Credit Card,No,0,0,3.4339872044851463,4.709530201312334,7.839525581704678
C00115,33,160,2315,One year,Bank Transfer,No,0,0,3.4965075614664802,5.075173815233827,7.747164966520335
C00116,70,164,5320,One year,Credit Card,No,0,0,4.248495242049359,5.099866427824199,8.57922858233569
C00117,14,187,2225,Two year,Electronic Check,Yes,0,0,2.6390573296152584,5.231108616854587,7.707512194600341
C00118,35,98,4023,Two year,Bank Transfer,Yes,0,0,3.5553480614894135,4.584967478670572,8.299783171949787
C00119,56,83,562,Month-to-month,Bank Transfer,Yes,0,0,4.02535169073515,4.418840607796598,6.331501849893691
C00120,62,75,2451,One year,Credit Card,No,0,0,4.127134385045092,4.31748811353631,7.804251383528112
C00121,30,107,6906,One year,Credit Card,Yes,1,0,3.4011973816621555,4.672828834461906,8.840145877949938
C00122,15,147,2687,One year,Electronic Check,No,0,0,2.70805020110221,4.990432586778736,7.8961806086154915
C00123,41,114,2419,Two year,Bank Transfer,No,1,0,3.713572066704308,4.736198448394496,7.791109510610028
C00124,27,50,2751,Two year,Electronic Check,Yes,1,0,3.295836866004329,3.912023005428146,7.919719760924575
C00126,62,183,7208,Two year,Electronic Check,Yes,1,0,4.127134385045092,5.209486152841421,8.882946799288174
C00127,31,62,5887,One year,Bank Transfer,No,1,0,3.4339872044851463,4.127134385045092,8.68050180902826
C00128,13,137,7128,One year,Bank Transfer,Yes,0,0,2.5649493574615367,4.919980925828125,8.871785969150645
C00129,20,179,2692,Month-to-month,Bank Transfer,Yes,1,0,2.995732273553991,5.187385805840755,7.898039690764619
C00133,48,92,5908,Two year,Bank Transfer,Yes,0,0,3.871201010907891,4.5217885770490405,8.68406264365127
C00134,15,28,6569,Month-to-month,Credit Card,No,1,0,2.70805020110221,3.332204510175204,8.790116892892472
C00135,64,101,5706,Month-to-month,Bank Transfer,Yes,1,0,4.1588830833596715,4.61512051684126,8.649273531773446
C00136,52,152,4318,Two year,Bank Transfer,Yes,0,0,3.9512437185814275,5.0238805208462765,8.370547611074752
C00138,30,188,4095,Two year,Electronic Check,Yes,0,0,3.4011973816621555,5.236441962829949,8.31752199628717
C00139,27,67,3567,Month-to-month,Credit Card,Yes,1,0,3.295836866004329,4.204692619390966,8.17948018535889
C00141,46,112,6817,Two year,Electronic Check,No,0,0,3.828641396489095,4.718498871295094,8.827174771362785
C00143,64,167,3677,Month-to-month,Bank Transfer,No,0,0,4.1588830833596715,5.117993812416755,8.209852481301272
C00144,65,47,5540,One year,Bank Transfer,Yes,1,0,4.174387269895637,3.8501476017100584,8.61974977974133
C00145,21,173,7651,Two year,Bank Transfer,Yes,0,0,3.044522437723423,5.153291594497779,8.942591637231851
C00146,29,42,2058,One year,Credit Card,No,1,0,3.367295829986474,3.7376696182833684,7.629489916393995
C00148,34,24,2004,Two year,Bank Transfer,Yes,1,0,3.5263605246161616,3.1780538303479458,7.602900462204755
C00149,20,114,1250,One year,Bank Transfer,Yes,0,0,2.995732273553991,4.736198448394496,7.1308988302963465
C00150,42,132,3139,Month-to-month,Electronic Check,No,0,0,3.7376696182833684,4.882801922586371,8.051659556841953
C00152,45,139,7654,Month-to-month,Credit Card,No,1,0,3.8066624897703196,4.9344739331306915,8.942983665985647
C00153,21,156,6366,Two year,Electronic Check,No,0,0,3.044522437723423,5.049856007249537,8.758726607842037
C00154,37,158,3355,Two year,Electronic Check,No,0,0,3.6109179126442243,5.062595033026967,8.118207049405783
C00155,68,40,5920,Month-to-month,Bank Transfer,Yes,1,0,4.219507705176107,3.6888794541139363,8.68609172787805
C00156,26,148,4601,One year,Bank Transfer,Yes,0,0,3.258096538021482,4.997212273764115,8.434028950155469
C00157,26,78,5632,Two year,Electronic Check,Yes,1,0,3.258096538021482,4.356708826689592,8.636219897837877
C00158,1,86,7217,Two year,Bank Transfer,Yes,0,0,0.0,4.454347296253507,8.884194633072273
C00159,47,182,3250,One year,Electronic Check,No,1,0,3.8501476017100584,5.204006687076795,8.086410275323782
C00160,30,154,4096,One year,Bank Transfer,Yes,0,0,3.4011973816621555,5.0369526024136295,8.317766166719343
C00161,51,78,984,Month-to-month,Electronic Check,Yes,1,0,3.9318256327243257,4.356708826689592,6.891625897052253
C00162,13,90,347,One year,Electronic Check,Yes,0,0,2.5649493574615367,4.499809670330265,5.849324779946859
C00163,64,185,3916,One year,Credit Card,Yes,1,0,4.1588830833596715,5.220355825078324,8.272826003650401
C00164,60,171,220,Month-to-month,Credit Card,No,1,0,4.0943445622221,5.14166355650266,5.393627546352362
C00165,69,48,3419,One year,Bank Transfer,Yes,1,0,4.23410650459726,3.871201010907891,8.137103389639302
C00166,40,105,791,One year,Credit Card,Yes,0,0,3.6888794541139363,4.653960350157523,6.673297967767654
C00167,23,110,6723,Two year,Bank Transfer,Yes,1,0,3.1354942159291497,4.700480365792417,8.813289762469037
C00168,42,80,5832,One year,Electronic Check,No,1,0,3.7376696182833684,4.382026634673881,8.671115273688494
C00169,13,99,2938,Month-to-month,Credit Card,No,0,0,2.5649493574615367,4.59511985013459,7.9854843567338225
C00170,24,84,6882,One year,Credit Card,Yes,0,0,3.1780538303479458,4.430816798843313,8.836664586357426
C00171,22,61,5363,Two year,Bank Transfer,Yes,1,0,3.091042453358316,4.110873864173311,8.587278798982926
C00173,62,160,1811,Month-to-month,Credit Card,Yes,1,0,4.127134385045092,5.075173815233827,7.501634457883413
C00175,20,76,6396,Two year,Credit Card,Yes,1,0,2.995732273553991,4.330733340286331,8.763428073953845
C00176,68,67,1797,Two year,Electronic Check,No,1,0,4.219507705176107,4.204692619390966,7.493873886783559
C00177,42,50,279,One year,Electronic Check,No,0,0,3.7376696182833684,3.912023005428146,5.631211781821365
C00178,3,180,3232,One year,Bank Transfer,No,0,0,1.0986122886681098,5.19295685089021,8.080856419640986
C00179,68,193,3285,One year,Credit Card,No,0,0,4.219507705176107,5.262690188904886,8.09712193091871
C00180,52,39,3233,Two year,Credit Card,Yes,1,0,3.9512437185814275,3.6635616461296463,8.081165777725433
C00182,13,64,4297,Month-to-month,Bank Transfer,Yes,1,0,2.5649493574615367,4.1588830833596715,8.365672383774996
C00183,56,151,735,Two year,Credit Card,Yes,1,0,4.02535169073515,5.017279836814924,6.5998704992128365
C00184,61,29,2290,One year,Credit Card,Yes,0,0,4.110873864173311,3.367295829986474,7.736307096548285
C00185,47,130,2289,Month-to-month,Bank Transfer,Yes,0,0,3.8501476017100584,4.867534450455582,7.735870319952567
C00186,59,93,7342,Month-to-month,Bank Transfer,No,0,0,4.07753744390572,4.532599493153256,8.90136656405678
C00187,47,199,6905,Two year,Electronic Check,Yes,1,0,3.8501476017100584,5.293304824724492,8.840001065843392
C00188,49,163,3776,One year,Bank Transfer,No,0,0,3.8918202981106265,5.093750200806762,8.236420527265391
C00189,31,100,4971,One year,Electronic Check,Yes,0,0,3.4339872044851463,4.605170185988092,8.511376306094673
C00190,52,185,7330,Two year,Credit Card,Yes,0,0,3.9512437185814275,5.220355825078324,8.899730794880696
C00191,46,51,466,One year,Bank Transfer,Yes,0,0,3.828641396489095,3.9318256327243257,6.144185634125646
C00192,43,31,7992,Month-to-month,Credit Card,No,0,0,3.7612001156935624,3.4339872044851463,8.98619632032839
C00193,65,158,3712,One year,Credit Card,No,0,0,4.174387269895637,5.062595033026967,8.21932609390609
C00194,71,138,6231,Month-to-month,Electronic Check,No,0,0,4.2626798770413155,4.927253685157205,8.737292112544221
C00195,27,121,4317,One year,Bank Transfer,No,0,0,3.295836866004329,4.795790545596741,8.370315995555478
C00196,30,133,3029,Month-to-month,Credit Card,Yes,1,0,3.4011973816621555,4.890349128221754,8.015987811027237
C00197,37,152,2750,One year,Credit Card,No,0,0,3.6109179126442243,5.0238805208462765,7.919356190660617
C00198,37,34,6987,Month-to-month,Electronic Check,No,1,0,3.6109179126442243,3.5263605246161616,8.85180655855245
C00199,3,63,1535,Two year,Electronic Check,No,0,0,1.0986122886681098,4.143134726391533,7.336285660021297
C00200,42,143,7310,One year,Electronic Check,Yes,0,0,3.7376696182833684,4.962844630259907,8.896998552743824
C00201,50,170,3185,Two year,Electronic Check,No,0,0,3.912023005428146,5.135798437050262,8.066207568006265
C00202,50,169,159,One year,Bank Transfer,No,0,0,3.912023005428146,5.1298987149230735,5.0689042022202315
C00203,29,189,5035,One year,Credit Card,Yes,1,0,3.367295829986474,5.241747015059643,8.524168805152662
C00204,15,55,5421,Two year,Credit Card,No,0,0,2.70805020110221,4.007333185232471,8.598035579260339
C00205,69,40,3396,Month-to-month,Credit Card,Yes,0,0,4.23410650459726,3.6888794541139363,8.130353547431238
C00206,69,94,5765,Month-to-month,Electronic Check,Yes,0,0,4.23410650459726,4.543294782270004,8.65956043270316
C00207,57,32,4351,One year,Bank Transfer,No,0,0,4.04305126783455,3.4657359027997265,8.37816098272068
C00208,70,171,4801,Month-to-month,Electronic Check,No,0,0,4.248495242049359,5.14166355650266,8.476579508530941
C00209,46,199,4023,Month-to-month,Electronic Check,Yes,0,0,3.828641396489095,5.293304824724492,8.299783171949787
C00210,65,82,7742,Two year,Credit Card,Yes,0,0,4.174387269895637,4.406719247264253,8.954415331137593
C00211,65,113,2956,Month-to-month,Credit Card,Yes,0,0,4.174387269895637,4.727387818712341,7.991592282068092
C00212,51,160,4278,Two year,Credit Card,No,1,0,3.9318256327243257,5.075173815233827,8.361240889642351
C00213,44,59,1893,Month-to-month,Credit Card,Yes,0,0,3.784189633918261,4.07753744390572,7.545918151209323
C00215,59,29,1393,One year,Electronic Check,Yes,0,0,4.07753744390572,3.367295829986474,7.239214973779806
C00216,8,102,2161,One year,Bank Transfer,Yes,1,0,2.0794415416798357,4.624972813284271,7.6783263565068856
C00218,67,182,6193,Two year,Bank Transfer,Yes,0,0,4.204692619390966,5.204006687076795,8.731174900938061
C00219,45,177,3091,One year,Bank Transfer,No,0,0,3.8066624897703196,5.176149732573829,8.036249942132116
C00220,33,198,2226,Two year,Bank Transfer,Yes,0,0,3.4965075614664802,5.288267030694535,7.70796153183549
C00221,57,118,5412,Two year,Credit Card,No,1,0,4.04305126783455,4.770684624465665,8.59637398929068
C00222,67,37,1247,Month-to-month,Credit Card,No,1,0,4.204692619390966,3.6109179126442243,7.1284959456800365
C00223,31,70,1256,Month-to-month,Credit Card,No,0,0,3.4339872044851463,4.248495242049359,7.135687347028144
C00224,19,43,6118,One year,Electronic Check,Yes,0,0,2.9444389791664403,3.7612001156935624,8.718990524710849
C00225,40,156,7024,One year,Electronic Check,No,0,0,3.6888794541139363,5.049856007249537,8.857088135314953
C00226,24,142,7012,One year,Credit Card,Yes,0,0,3.1780538303479458,4.955827057601261,8.855378246041125
C00227,57,123,5830,Month-to-month,Bank Transfer,Yes,0,0,4.04305126783455,4.812184355372417,8.670772279344538
C00228,53,183,4023,Two year,Electronic Check,Yes,1,0,3.970291913552122,5.209486152841421,8.299783171949787
C00229,24,32,1635,One year,Bank Transfer,No,1,0,3.1780538303479458,3.4657359027997265,7.399398083331354
C00230,32,149,5477,Two year,Bank Transfer,No,1,0,3.4657359027997265,5.003946305945459,8.608312784783722
C00231,33,99,3225,One year,Credit Card,No,1,0,3.4965075614664802,4.59511985013459,8.078688229229872
C00232,20,151,2681,One year,Credit Card,No,1,0,2.995732273553991,5.017279836814924,7.893945138235959
C00233,12,52,7459,Two year,Electronic Check,No,0,0,2.4849066497880004,3.9512437185814275,8.917176635955164
C00234,61,24,217,One year,Electronic Check,No,1,0,4.110873864173311,3.1780538303479458,5.37989735354046
C00235,65,94,7183,One year,Bank Transfer,No,1,0,4.174387269895637,4.543294782270004,8.879472402074802
C00236,13,115,6305,Two year,Credit Card,No,1,0,2.5649493574615367,4.74493212836325,8.74909824839902
C00237,61,51,810,One year,Bank Transfer,No,0,0,4.110873864173311,3.9318256327243257,6.697034247666484
C00238,33,151,6705,Month-to-month,Bank Transfer,No,1,0,3.4965075614664802,5.017279836814924,8.81060879571578
C00239,21,138,6404,Two year,Credit Card,Yes,1,0,3.044522437723423,4.927253685157205,8.764678074116606
C00240,56,108,6378,Two year,Bank Transfer,Yes,1,0,4.02535169073515,4.68213122712422,8.760609847570002
C00241,69,121,7669,One year,Electronic Check,Yes,0,0,4.23410650459726,4.795790545596741,8.94494150776486
C00242,16,196,7704,Two year,Electronic Check,No,0,0,2.772588722239781,5.278114659230517,8.949494953477961
C00243,28,33,1099,Two year,Credit Card,No,1,0,3.332204510175204,3.4965075614664802,7.002155954403621
C00244,53,123,4561,One year,Bank Transfer,Yes,1,0,3.970291913552122,4.812184355372417,8.4252971767117
C00245,23,104,2991,Two year,Electronic Check,No,0,0,3.1354942159291497,4.6443908991413725,8.003363058629947
C00246,15,60,3032,Month-to-month,Bank Transfer,No,1,0,2.70805020110221,4.0943445622221,8.016977746762262
C00247,43,130,6856,One year,Bank Transfer,No,0,0,3.7612001156935624,4.867534450455582,8.832879460277615
C00248,60,48,4747,One year,Bank Transfer,No,1,0,4.0943445622221,3.871201010907891,8.465268118551318
C00249,48,79,3083,One year,Bank Transfer,Yes,1,0,3.871201010907891,4.3694478524670215,8.03365842788615
C00250,58,90,3841,Two year,Electronic Check,No,1,0,4.060443010546419,4.499809670330265,8.253488028345904
C00251,24,48,1639,Month-to-month,Electronic Check,Yes,0,0,3.1780538303479458,3.871201010907891,7.40184157874383
C00253,55,71,1965,Two year,Credit Card,Yes,1,0,4.007333185232471,4.2626798770413155,7.583247524303362
C00254,26,182,3882,Month-to-month,Electronic Check,Yes,0,0,3.258096538021482,5.204006687076795,8.264105763728956
C00255,31,88,4230,Two year,Electronic Check,No,1,0,3.4339872044851463,4.477336814478207,8.349957272040324
C00256,29,178,7961,Two year,Electronic Check,Yes,0,0,3.367295829986474,5.181783550292085,8.982309899088579
C00257,65,30,6769,Month-to-month,Credit Card,No,0,0,4.174387269895637,3.4011973816621555,8.820108644508608
C00258,50,120,1839,Two year,Credit Card,Yes,0,0,3.912023005428146,4.787491742782046,7.516977224604321
C00259,54,191,6674,Two year,Credit Card,No,1,0,3.9889840465642745,5.25227342804663,8.80597465931132
C00260,31,85,1935,One year,Electronic Check,Yes,0,0,3.4339872044851463,4.442651256490317,7.5678626054638825
C00261,49,41,7108,Two year,Bank Transfer,Yes,1,0,3.8918202981106265,3.713572066704308,8.868976189274543
C00262,44,176,4069,Two year,Bank Transfer,No,0,0,3.784189633918261,5.170483995038151,8.31115254800169
C00264,71,156,812,One year,Credit Card,No,0,0,4.2626798770413155,5.049856007249537,6.699500340161678
C00265,34,172,1619,Two year,Electronic Check,Yes,1,0,3.5263605246161616,5.147494476813453,7.389563953677635
C00266,6,115,1677,Two year,Bank Transfer,Yes,1,0,1.791759469228055,4.74493212836325,7.424761761823209
C00267,29,92,1792,Month-to-month,Credit Card,Yes,0,0,3.367295829986474,4.5217885770490405,7.491087593534876
C00268,69,177,2153,Two year,Bank Transfer,No,0,0,4.23410650459726,5.176149732573829,7.674617497364363
C00269,19,63,1186,Two year,Electronic Check,No,1,0,2.9444389791664403,4.143134726391533,7.078341579557671
C00270,43,81,7187,Two year,Credit Card,No,1,0,3.7612001156935624,4.394449154672439,8.880029117468442
C00272,43,85,6192,One year,Credit Card,Yes,1,0,3.7612001156935624,4.442651256490317,8.731013415269564
C00273,29,64,6131,One year,Electronic Check,Yes,0,0,3.367295829986474,4.1588830833596715,8.721113147762688
C00274,67,142,1008,Month-to-month,Electronic Check,No,1,0,4.204692619390966,4.955827057601261,6.915723448631314
C00275,66,196,2989,Month-to-month,Electronic Check,No,0,0,4.189654742026425,5.278114659230517,8.002694162283937
C00276,49,94,4521,One year,Bank Transfer,Yes,1,0,3.8918202981106265,4.543294782270004,8.416488487294606
C00277,58,174,1493,Two year,Credit Card,No,0,0,4.060443010546419,5.159055299214529,7.30854279753919
C00278,3,72,4282,One year,Credit Card,Yes,0,0,1.0986122886681098,4.276666119016055,8.362175469149628
C00279,66,128,7087,One year,Electronic Check,No,1,0,4.189654742026425,4.852030263919617,8.866017398810255
C00280,57,43,6209,Two year,Bank Transfer,No,1,0,4.04305126783455,3.7612001156935624,8.733755131364893
C00281,17,25,7759,Two year,Credit Card,No,1,0,2.833213344056216,3.2188758248682006,8.95660873889395
C00282,18,158,7475,Two year,Electronic Check,Yes,0,0,2.8903717578961645,5.062595033026967,8.919319398258887
C00284,13,94,261,Month-to-month,Bank Transfer,Yes,0,0,2.5649493574615367,4.543294782270004,5.564520407322694
C00285,26,171,6538,Two year,Credit Card,Yes,0,0,3.258096538021482,5.14166355650266,8.785386587284156
C00286,48,80,6186,Month-to-month,Electronic Check,Yes,1,0,3.871201010907891,4.382026634673881,8.730043953245016
C00287,11,60,627,One year,Electronic Check,No,0,0,2.3978952727983707,4.0943445622221,6.440946540632921
C00288,42,83,1173,One year,Bank Transfer,Yes,0,0,3.7376696182833684,4.418840607796598,7.067319848653476
C00289,22,58,6472,One year,Electronic Check,No,1,0,3.091042453358316,4.060443010546419,8.775240458738327
C00290,57,123,5518,One year,Credit Card,Yes,1,0,4.04305126783455,4.812184355372417,8.615770754777232
C00291,63,177,5573,One year,Credit Card,Yes,0,0,4.143134726391533,5.176149732573829,8.625688787569537
C00292,65,59,6420,Two year,Credit Card,No,0,0,4.174387269895637,4.07753744390572,8.767173396684006
C00293,13,140,727,One year,Bank Transfer,Yes,0,0,2.5649493574615367,4.941642422609304,6.588926477533519
C00294,70,128,5423,Month-to-month,Bank Transfer,Yes,0,0,4.248495242049359,4.852030263919617,8.59840444684106
C00295,6,59,6657,Two year,Credit Card,No,0,0,1.791759469228055,4.07753744390572,8.803424211600703
C00296,66,44,1995,One year,Electronic Check,Yes,0,0,4.189654742026425,3.784189633918261,7.598399329323964
C00297,15,163,4659,Month-to-month,Credit Card,No,0,0,2.70805020110221,5.093750200806762,8.446556111816797
C00298,66,136,7139,Month-to-month,Bank Transfer,No,0,0,4.189654742026425,4.912654885736052,8.87332798950246
C00299,47,193,5219,Two year,Credit Card,No,1,0,3.8501476017100584,5.262690188904886,8.560061091643414
C00300,26,93,3151,One year,Electronic Check,Yes,0,0,3.258096538021482,4.532599493153256,8.055475141757274
C00301,14,176,5655,One year,Credit Card,Yes,1,0,2.6390573296152584,5.170483995038151,8.640295388550221
C00302,65,84,1193,Month-to-month,Electronic Check,No,1,0,4.174387269895637,4.430816798843313,7.084226422097916
C00303,58,128,7204,Month-to-month,Bank Transfer,Yes,0,0,4.060443010546419,4.852030263919617,8.882391706295847
C00304,21,179,840,One year,Bank Transfer,Yes,1,0,3.044522437723423,5.187385805840755,6.733401891837359
C00305,61,61,7474,Month-to-month,Credit Card,No,1,0,4.110873864173311,4.110873864173311,8.91918561004543
C00306,11,88,7410,One year,Credit Card,No,0,0,2.3978952727983707,4.477336814478207,8.910585718290132
C00307,20,107,2288,Two year,Bank Transfer,Yes,1,0,2.995732273553991,4.672828834461906,7.7354333524996886
C00308,55,169,1513,Two year,Electronic Check,No,0,0,4.007333185232471,5.1298987149230735,7.321849713788356
C00310,41,98,7631,One year,Bank Transfer,Yes,0,0,3.713572066704308,4.584967478670572,8.939974177289633
C00311,58,72,6062,Month-to-month,Bank Transfer,No,0,0,4.060443010546419,4.276666119016055,8.709795057617749
C00312,61,177,5838,Month-to-month,Credit Card,Yes,1,0,4.110873864173311,5.176149732573829,8.67214355141406
C00313,32,100,7901,One year,Credit Card,Yes,0,0,3.4657359027997265,4.605170185988092,8.974744612722734
C00314,46,192,169,Month-to-month,Bank Transfer,Yes,0,0,3.828641396489095,5.2574953720277815,5.1298987149230735
C00315,28,185,4320,One year,Credit Card,No,0,0,3.332204510175204,5.220355825078324,8.371010681238156
C00316,39,166,805,One year,Credit Card,No,1,0,3.6635616461296463,5.111987788356544,6.690842277418564
C00317,61,99,6541,Month-to-month,Electronic Check,No,0,0,4.110873864173311,4.59511985013459,8.785845337961213
C00318,38,63,5531,Month-to-month,Electronic Check,No,1,0,3.6375861597263857,4.143134726391533,8.618123909994678
C00319,34,90,7911,Month-to-month,Electronic Check,No,0,0,3.5263605246161616,4.499809670330265,8.976009475021396
C00320,43,63,4351,Two year,Bank Transfer,Yes,0,0,3.7612001156935624,4.143134726391533,8.37816098272068
C00321,25,156,3381,One year,Bank Transfer,No,1,0,3.2188758248682006,5.049856007249537,8.125926802707886
C00322,52,60,2095,Two year,Bank Transfer,Yes,1,0,3.9512437185814275,4.0943445622221,7.647308832356238
C00323,18,147,2845,Month-to-month,Bank Transfer,Yes,0,0,2.8903717578961645,4.990432586778736,7.953318346560431
C00325,57,80,177,One year,Credit Card,No,0,0,4.04305126783455,4.382026634673881,5.176149732573829
C00326,45,125,5533,One year,Credit Card,No,0,0,3.8066624897703196,4.8283137373023015,8.618485442898109
C00327,51,98,6795,Two year,Credit Card,Yes,1,0,3.9318256327243257,4.584967478670572,8.823942326585245
C00328,57,115,7867,Month-to-month,Electronic Check,Yes,0,0,4.04305126783455,4.74493212836325,8.970432074329242
C00329,29,90,2039,One year,Credit Card,No,0,0,3.367295829986474,4.499809670330265,7.620214770574455
C00330,50,151,3525,One year,Electronic Check,Yes,0,0,3.912023005428146,5.017279836814924,8.16763571524637
C00331,25,180,6676,Two year,Electronic Check,No,1,0,3.2188758248682006,5.19295685089021,8.806274284781725
C00332,55,84,4026,Month-to-month,Credit Card,Yes,0,0,4.007333185232471,4.430816798843313,8.300528606199737
C00333,31,40,7644,One year,Credit Card,No,0,0,3.4339872044851463,3.6888794541139363,8.941676305360163
C00334,11,185,7387,One year,Bank Transfer,Yes,0,0,2.3978952727983707,5.220355825078324,8.907476977528738
C00335,43,70,1690,Month-to-month,Bank Transfer,No,1,0,3.7612001156935624,4.248495242049359,7.432483807917119
C00336,18,188,2878,Month-to-month,Electronic Check,No,0,0,2.8903717578961645,5.236441962829949,7.964850887447313
C00337,9,24,3090,Two year,Electronic Check,No,1,0,2.1972245773362196,3.1780538303479458,8.035926369891792
C00339,28,95,6110,One year,Electronic Check,No,1,0,3.332204510175204,4.553876891600541,8.71768205216564
C00340,4,20,5182,Two year,Bank Transfer,Yes,1,0,1.3862943611198906,2.995732273553991,8.552946361122055
C00341,68,46,7768,Month-to-month,Electronic Check,No,0,0,4.219507705176107,3.828641396489095,8.957768009971161
C00342,58,142,1452,One year,Credit Card,Yes,1,0,4.060443010546419,4.955827057601261,7.280697195384741
C00343,67,67,1052,Month-to-month,Electronic Check,Yes,1,0,4.204692619390966,4.204692619390966,6.9584483932976555
C00344,32,80,2998,Two year,Electronic Check,Yes,1,0,3.4657359027997265,4.382026634673881,8.005700678662542
C00345,65,29,3138,One year,Bank Transfer,No,1,0,4.174387269895637,3.367295829986474,8.051340933292979
C00347,65,178,4809,One year,Electronic Check,No,0,0,4.174387269895637,5.181783550292085,8.478244441277663
C00349,32,138,714,One year,Electronic Check,No,0,0,3.4657359027997265,4.927253685157205,6.570882962339584
C00350,54,181,6354,Month-to-month,Electronic Check,Yes,0,0,3.9889840465642745,5.198497031265826,8.756839814829462
C00351,57,187,774,One year,Bank Transfer,Yes,0,0,4.04305126783455,5.231108616854587,6.651571873589727
C00352,34,38,7888,Month-to-month,Credit Card,Yes,1,0,3.5263605246161616,3.6375861597263857,8.973097896282471
C00354,7,54,1631,One year,Credit Card,Yes,1,0,1.9459101490553132,3.9889840465642745,7.396948602621014
C00355,39,170,4762,Month-to-month,Electronic Check,No,0,0,3.6635616461296463,5.135798437050262,8.468423027046809
C00356,44,68,1931,Two year,Bank Transfer,No,1,0,3.784189633918261,4.219507705176107,7.565793282428515
C00357,47,46,7361,One year,Credit Card,Yes,1,0,3.8501476017100584,3.828641396489095,8.903951072058707
C00358,66,184,1534,Month-to-month,Electronic Check,Yes,0,0,4.189654742026425,5.214935757608986,7.335633981927201
C00359,46,119,656,Month-to-month,Bank Transfer,No,1,0,3.828641396489095,4.77912349311153,6.486160788944089
C00360,49,168,4471,Two year,Bank Transfer,Yes,1,0,3.8918202981106265,5.123963979403259,8.405367376233981
C00361,45,118,4416,Two year,Bank Transfer,No,0,0,3.8066624897703196,4.770684624465665,8.392989587956931
C00363,30,138,1585,One year,Bank Transfer,Yes,0,0,3.4011973816621555,4.927253685157205,7.368339686311381
C00364,48,53,7371,Two year,Credit Card,No,0,0,3.871201010907891,3.970291913552122,8.905308661189288
C00365,17,24,1389,One year,Bank Transfer,No,0,0,2.833213344056216,3.1780538303479458,7.236339342754344
C00366,17,124,1196,Month-to-month,Credit Card,No,1,0,2.833213344056216,4.820281565605037,7.086737934510577
C00367,33,101,2979,Two year,Credit Card,Yes,0,0,3.4965075614664802,4.61512051684126,7.999342952713282
C00368,10,81,5158,One year,Electronic Check,Yes,1,0,2.302585092994046,4.394449154672439,8.54830418644129
C00369,37,58,5083,Month-to-month,Credit Card,No,1,0,3.6109179126442243,4.060443010546419,8.533656917446903
C00370,32,148,2526,Two year,Electronic Check,No,1,0,3.4657359027997265,4.997212273764115,7.8343923029104365
C00371,20,49,5058,One year,Electronic Check,No,1,0,2.995732273553991,3.8918202981106265,8.52872642722991
C00372,14,27,2388,Two year,Bank Transfer,Yes,0,0,2.6390573296152584,3.295836866004329,7.778211474512493
C00373,57,126,1514,Month-to-month,Bank Transfer,Yes,0,0,4.04305126783455,4.836281906951478,7.322510433997394
C00374,40,130,5612,One year,Electronic Check,Yes,1,0,3.6888794541139363,4.867534450455582,8.632662441222351
C00375,29,20,4628,One year,Bank Transfer,Yes,1,0,3.367295829986474,2.995732273553991,8.439880088313567
C00376,33,196,2107,One year,Bank Transfer,Yes,0,0,3.4965075614664802,5.278114659230517,7.653020413804189
C00377,36,192,3483,One year,Electronic Check,No,0,0,3.58351893845611,5.2574953720277815,8.155649270366002
C00378,31,181,4712,Two year,Bank Transfer,No,1,0,3.4339872044851463,5.198497031265826,8.457867725331422
C00379,41,76,4187,Two year,Bank Transfer,No,1,0,3.713572066704308,4.330733340286331,8.339739766019143
C00380,21,180,3061,One year,Bank Transfer,No,0,0,3.044522437723423,5.19295685089021,8.026496938945412
C00381,68,67,2144,Two year,Credit Card,Yes,1,0,4.219507705176107,4.204692619390966,7.670428522190693
C00382,67,64,5558,One year,Credit Card,Yes,0,0,4.204692619390966,4.1588830833596715,8.62299361030245
C00383,24,185,1550,Two year,Electronic Check,No,1,0,3.1780538303479458,5.220355825078324,7.346010209913293
C00384,47,187,4343,One year,Bank Transfer,Yes,1,0,3.8501476017100584,5.231108616854587,8.376320632534823
C00386,25,90,1649,Month-to-month,Credit Card,No,1,0,3.2188758248682006,4.499809670330265,7.407924322559599
C00387,70,168,2375,One year,Bank Transfer,Yes,0,0,4.248495242049359,5.123963979403259,7.772752716468742
C00388,42,156,2302,Two year,Electronic Check,No,0,0,3.7376696182833684,5.049856007249537,7.741533589281828
C00389,42,126,5532,Month-to-month,Credit Card,No,0,0,3.7376696182833684,4.836281906951478,8.61830469278465
C00391,3,79,1299,One year,Credit Card,No,1,0,1.0986122886681098,4.3694478524670215,7.1693500166706
C00392,56,147,253,Month-to-month,Credit Card,Yes,0,0,4.02535169073515,4.990432586778736,5.53338948872752
C00394,22,65,1947,Month-to-month,Bank Transfer,Yes,1,0,3.091042453358316,4.174387269895637,7.5740450053721995
C00395,61,116,6302,One year,Electronic Check,Yes,0,0,4.110873864173311,4.7535901911063645,8.74862232231722
C00396,57,134,2241,Month-to-month,Electronic Check,Yes,1,0,4.04305126783455,4.897839799950911,7.714677473800927
C00398,59,95,7232,Two year,Credit Card,Yes,1,0,4.07753744390572,4.553876891600541,8.886270902072013
C00399,62,159,446,One year,Bank Transfer,No,0,0,4.127134385045092,5.0689042022202315,6.100318952020064
C00400,53,27,4429,Two year,Electronic Check,No,0,0,3.970291913552122,3.295836866004329,8.395929103923198
C00402,45,199,7564,Month-to-month,Credit Card,Yes,0,0,3.8066624897703196,5.293304824724492,8.931155429778348
C00403,69,115,4730,One year,Credit Card,Yes,1,0,4.23410650459726,4.74493212836325,8.46168048148598
C00404,20,37,4631,Month-to-month,Electronic Check,No,0,0,2.995732273553991,3.6109179126442243,8.440528106480752
C00405,25,184,7662,Month-to-month,Credit Card,No,1,0,3.2188758248682006,5.214935757608986,8.944028325260595
C00406,45,104,2541,Month-to-month,Electronic Check,No,1,0,3.8066624897703196,4.6443908991413725,7.840312983320164
C00407,3,75,3048,One year,Electronic Check,No,0,0,1.0986122886681098,4.31748811353631,8.022240916806537
C00408,5,44,7840,One year,Credit Card,No,0,0,1.6094379124341003,3.784189633918261,8.966994113344454
C00409,48,46,6056,Month-to-month,Bank Transfer,No,0,0,3.871201010907891,3.828641396489095,8.708804795117285
C00410,48,149,7690,Month-to-month,Bank Transfer,Yes,1,0,3.871201010907891,5.003946305945459,8.94767606249969
C00411,23,134,4413,One year,Electronic Check,No,1,0,3.1354942159291497,4.897839799950911,8.392310009269547
C00412,48,95,1168,One year,Bank Transfer,Yes,0,0,3.871201010907891,4.553876891600541,7.0630481633881725
C00413,64,131,3127,Two year,Electronic Check,No,0,0,4.1588830833596715,4.875197323201151,8.047829357457841
C00414,2,158,3460,Two year,Electronic Check,No,0,0,0.6931471805599453,5.062595033026967,8.14902386805177
C00415,48,87,6197,One year,Credit Card,Yes,1,0,3.871201010907891,4.465908118654584,8.731820582962108
C00416,48,151,530,Two year,Credit Card,Yes,0,0,3.871201010907891,5.017279836814924,6.272877006546167
C00417,51,83,7409,Two year,Bank Transfer,Yes,0,0,3.9318256327243257,4.418840607796598,8.910450756416656
C00418,59,183,4605,One year,Electronic Check,Yes,0,0,4.07753744390572,5.209486152841421,8.434897948689407
C00419,35,113,6754,Month-to-month,Bank Transfer,No,1,0,3.5553480614894135,4.727387818712341,8.817890200945513
C00420,18,53,6260,Month-to-month,Bank Transfer,Yes,0,0,2.8903717578961645,3.970291913552122,8.741935464094144
C00421,39,146,3886,One year,Bank Transfer,Yes,1,0,3.6635616461296463,4.983606621708336,8.265135629937385
C00422,14,158,1718,One year,Bank Transfer,No,1,0,2.6390573296152584,5.062595033026967,7.4489161025442
C00423,5,172,2066,One year,Bank Transfer,No,1,0,1.6094379124341003,5.147494476813453,7.633369649679584
C00425,52,47,7270,Two year,Electronic Check,Yes,0,0,3.9512437185814275,3.8501476017100584,8.891511570527564
C00426,54,61,1714,Month-to-month,Bank Transfer,No,1,0,3.9889840465642745,4.110873864173311,7.446585099157725
C00427,34,191,4220,One year,Bank Transfer,Yes,0,0,3.5263605246161616,5.25227342804663,8.347590407030058
C00429,36,169,7102,One year,Electronic Check,No,1,0,3.58351893845611,5.1298987149230735,8.868131713503033
C00430,10,21,4968,One year,Electronic Check,No,1,0,2.302585092994046,3.044522437723423,8.510772623613315
C00431,70,156,2011,Two year,Credit Card,Yes,0,0,4.248495242049359,5.049856007249537,7.606387389772652
C00432,62,116,2103,One year,Electronic Check,No,1,0,4.127134385045092,4.7535901911063645,7.6511201757027
C00433,14,162,325,Two year,Credit Card,Yes,0,0,2.6390573296152584,5.087596335232384,5.783825182329737
C00434,67,21,5850,Two year,Electronic Check,Yes,0,0,4.204692619390966,3.044522437723423,8.674196940225903
C00436,29,151,1329,Month-to-month,Bank Transfer,Yes,1,0,3.367295829986474,5.017279836814924,7.192182058713246
C00437,30,100,3098,Month-to-month,Electronic Check,No,0,0,3.4011973816621555,4.605170185988092,8.038512020976814
C00438,68,93,3075,Month-to-month,Credit Card,Yes,0,0,4.219507705176107,4.532599493153256,8.031060180240619
C00439,46,76,5865,One year,Electronic Check,No,1,0,3.828641396489095,4.330733340286331,8.676757761087575
C00440,60,47,6373,Month-to-month,Credit Card,No,1,0,4.0943445622221,3.8501476017100584,8.759825595314295
C00441,61,26,3471,One year,Credit Card,No,0,0,4.110873864173311,3.258096538021482,8.152198015861787
C00442,52,70,5784,Two year,Electronic Check,No,0,0,3.9512437185814275,4.248495242049359,8.6628507638386
C00443,29,85,5965,Two year,Credit Card,No,0,0,3.367295829986474,4.442651256490317,8.693664334532016
C00444,59,126,6287,One year,Credit Card,No,1,0,4.07753744390572,4.836281906951478,8.74623928838306
C00445,58,150,5290,One year,Credit Card,No,1,0,4.060443010546419,5.0106352940962555,8.573573524852344
C00446,8,168,7608,Two year,Credit Card,No,0,0,2.0794415416798357,5.123963979403259,8.936955604225226
C00447,13,190,6568,Month-to-month,Electronic Check,Yes,1,0,2.5649493574615367,5.247024072160486,8.789964651132264
C00448,50,190,6770,Month-to-month,Credit Card,No,1,0,3.912023005428146,5.247024072160486,8.820256365906321
C00449,59,165,7758,One year,Electronic Check,Yes,1,0,4.07753744390572,5.10594547390058,8.956479847999912
C00450,15,113,6537,Two year,Electronic Check,No,1,0,2.70805020110221,4.727387818712341,8.78523362361273
C00451,64,57,5241,One year,Electronic Check,No,0,0,4.1588830833596715,4.04305126783455,8.564267598802166
C00452,19,192,2908,One year,Credit Card,No,1,0,2.9444389791664403,5.2574953720277815,7.97522083865341
C00453,36,67,4566,Month-to-month,Electronic Check,No,1,0,3.58351893845611,4.204692619390966,8.42639282708974
C00454,68,24,3316,One year,Bank Transfer,No,0,0,4.219507705176107,3.1780538303479458,8.106514516255185
C00456,1,30,6242,Two year,Bank Transfer,No,0,0,0.0,3.4011973816621555,8.739055922830724
C00457,31,160,5208,One year,Electronic Check,Yes,1,0,3.4339872044851463,5.075173815233827,8.557951183888406
C00459,53,102,7501,Month-to-month,Credit Card,No,1,0,3.970291913552122,4.624972813284271,8.922791623969637
C00460,28,187,3207,One year,Electronic Check,Yes,0,0,3.332204510175204,5.231108616854587,8.073091199693154
C00461,49,80,3534,Month-to-month,Credit Card,No,1,0,3.8918202981106265,4.382026634673881,8.170185652879642
C00462,40,158,4093,One year,Electronic Check,Yes,0,0,3.6888794541139363,5.062595033026967,8.317033476492403
C00463,56,143,6530,One year,Bank Transfer,Yes,1,0,4.02535169073515,4.962844630259907,8.784162222270476
C00465,63,125,6204,Month-to-month,Bank Transfer,No,0,0,4.143134726391533,4.8283137373023015,8.73294952429643
C00466,38,59,3970,One year,Credit Card,No,0,0,3.6375861597263857,4.07753744390572,8.286521373681236
C00467,46,37,5635,Two year,Electronic Check,No,0,0,3.828641396489095,3.6109179126442243,8.636752426473876
C00468,23,23,4012,One year,Electronic Check,Yes,1,0,3.1354942159291497,3.1354942159291497,8.297045149081827
C00469,53,146,6760,One year,Bank Transfer,Yes,1,0,3.970291913552122,4.983606621708336,8.81877816903701
C00472,52,55,2628,Month-to-month,Credit Card,No,1,0,3.9512437185814275,4.007333185232471,7.873978379604501
C00473,45,187,1946,One year,Electronic Check,Yes,0,0,3.8066624897703196,5.231108616854587,7.57353126274595
C00474,13,106,5999,Two year,Credit Card,No,1,0,2.5649493574615367,4.663439094112067,8.699348067653093
C00475,19,82,7583,Month-to-month,Credit Card,Yes,0,0,2.9444389791664403,4.406719247264253,8.933664178700935
C00476,44,24,6003,Two year,Credit Card,Yes,1,0,3.784189633918261,3.1780538303479458,8.700014623251842
C00477,14,131,903,Two year,Electronic Check,Yes,1,0,2.6390573296152584,4.875197323201151,6.805722553416985
C00478,29,117,3187,Two year,Electronic Check,Yes,1,0,3.367295829986474,4.762173934797756,8.066835314417336
C00479,32,59,4807,Month-to-month,Credit Card,No,1,0,3.4657359027997265,4.07753744390572,8.47782846789396
C00481,69,58,3105,One year,Electronic Check,Yes,0,0,4.23410650459726,4.060443010546419,8.040768994367578
C00482,32,199,5789,Month-to-month,Electronic Check,Yes,0,0,3.4657359027997265,5.293304824724492,8.663714844079005
C00483,13,189,6302,Two year,Bank Transfer,No,0,0,2.5649493574615367,5.241747015059643,8.74862232231722
C00484,27,147,7103,Two year,Credit Card,Yes,1,0,3.295836866004329,4.990432586778736,8.86827250899781
C00485,50,74,7599,Month-to-month,Credit Card,No,1,0,3.912023005428146,4.30406509320417,8.935771938669784
C00486,66,67,6774,Month-to-month,Bank Transfer,No,1,0,4.189654742026425,4.204692619390966,8.820847033377717
C00487,57,165,5425,Month-to-month,Credit Card,No,0,0,4.04305126783455,5.10594547390058,8.59877317840866
C00489,66,156,677,Month-to-month,Credit Card,Yes,0,0,4.189654742026425,5.049856007249537,6.517671272912275
C00490,56,52,4061,One year,Electronic Check,Yes,1,0,4.02535169073515,3.9512437185814275,8.309184527686298
C00491,44,30,4695,One year,Credit Card,Yes,1,0,3.784189633918261,3.4011973816621555,8.454253391642363
C00492,54,123,7652,Month-to-month,Electronic Check,No,1,0,3.9889840465642745,4.812184355372417,8.942722330560143
C00493,2,114,5468,One year,Credit Card,Yes,1,0,0.6931471805599453,4.736198448394496,8.60666819784384
C00494,68,128,2102,Month-to-month,Electronic Check,Yes,1,0,4.219507705176107,4.852030263919617,7.650644551436897
C00495,22,164,2339,One year,Credit Card,No,0,0,3.091042453358316,5.099866427824199,7.757478766584179
C00496,50,128,6970,Month-to-month,Credit Card,Yes,1,0,3.912023005428146,4.852030263919617,8.84937050375457
C00497,2,49,5917,Two year,Bank Transfer,No,1,0,0.6931471805599453,3.8918202981106265,8.685584842676693
C00498,46,198,2158,Month-to-month,Bank Transfer,No,0,0,3.828641396489095,5.288267030694535,7.67693714581808
C00500,27,181,4292,Month-to-month,Bank Transfer,No,1,0,3.295836866004329,5.198497031265826,8.36450810375059
